quote_id,product,gross_margin_rate,unit_price,qty,subtotal_price,energy_grant_amount,grant_ratio_to_subtotal,competitor_count_available,avg_competitor_price,price_gap_avg_competitor_pct,estimated_gross_profit,pricing_anomaly_score_0_100,anomaly_direction,top_local_diffi_features,local_diffi_business_explanation,success,gross_margin_rate_pct,grant_ratio_to_subtotal_pct
Q-11707,E1,0.0973,4600000.0,1,4600000.0,960000,0.208695652173913,1,2000000.0,130.0,447579.99999999953,100.0,Conversion risk review,product (1.7304); is_compe_c (0.1416); estimated_cost (0.1372); price_gap_min_competitor (0.1239); subtotal_price (0.1106),"product category contributes to unusual pricing pattern (E1); is_compe_c contributes to anomaly; estimated_cost is unusually high (4,152,420.0000, above P90); price_gap_min_competitor contributes to anomaly; subtotal price is unusually high (4,600,000, above P90).",1,9.73,20.87
Q-11708,E1,0.0933,4600000.0,1,4600000.0,960000,0.208695652173913,1,2000000.0,130.0,429179.99999999953,99.87,Conversion risk review,product (1.7280); is_compe_c (0.1416); estimated_cost (0.1360); price_gap_min_competitor (0.1239); subtotal_price (0.1106),"product category contributes to unusual pricing pattern (E1); is_compe_c contributes to anomaly; estimated_cost is unusually high (4,170,820.0000, above P90); price_gap_min_competitor contributes to anomaly; subtotal price is unusually high (4,600,000, above P90).",1,9.33,20.87
Q-12530,D1,0.6179,4600000.0,1,4600000.0,960000,0.208695652173913,1,2000000.0,130.0,2842340.0,99.46,High conversion risk review,product (1.5866); is_compe_c (0.1420); price_gap_min_competitor (0.1357); unit_price (0.1066); is_compe_a (0.1061),"product category contributes to unusual pricing pattern (D1); is_compe_c contributes to anomaly; price_gap_min_competitor contributes to anomaly; unit price is unusually high (4,600,000, above P90); is_compe_a contributes to anomaly.",0,61.79,20.87
Q-12532,D1,0.6181,4600000.0,1,4600000.0,960000,0.208695652173913,1,2000000.0,130.0,2843260.0,99.46,High conversion risk review,product (1.5866); is_compe_c (0.1420); price_gap_min_competitor (0.1357); unit_price (0.1066); is_compe_a (0.1061),"product category contributes to unusual pricing pattern (D1); is_compe_c contributes to anomaly; price_gap_min_competitor contributes to anomaly; unit price is unusually high (4,600,000, above P90); is_compe_a contributes to anomaly.",0,61.81,20.87
Q-18203,D1,0.6181,4600000.0,1,4600000.0,960000,0.208695652173913,1,2000000.0,130.0,2843260.0,99.46,High conversion risk review,product (1.5866); is_compe_c (0.1420); price_gap_min_competitor (0.1357); unit_price (0.1066); is_compe_a (0.1061),"product category contributes to unusual pricing pattern (D1); is_compe_c contributes to anomaly; price_gap_min_competitor contributes to anomaly; unit price is unusually high (4,600,000, above P90); is_compe_a contributes to anomaly.",0,61.81,20.87
Q-18581,D1,0.6181,4600000.0,1,4600000.0,960000,0.208695652173913,1,2000000.0,130.0,2843260.0,99.46,High conversion risk review,product (1.5866); is_compe_c (0.1420); price_gap_min_competitor (0.1357); unit_price (0.1066); is_compe_a (0.1061),"product category contributes to unusual pricing pattern (D1); is_compe_c contributes to anomaly; price_gap_min_competitor contributes to anomaly; unit price is unusually high (4,600,000, above P90); is_compe_a contributes to anomaly.",0,61.81,20.87
Q-30348,D1,0.6181,4600000.0,1,4600000.0,960000,0.208695652173913,1,2000000.0,130.0,2843260.0,99.46,High conversion risk review,product (1.5866); is_compe_c (0.1420); price_gap_min_competitor (0.1357); unit_price (0.1066); is_compe_a (0.1061),"product category contributes to unusual pricing pattern (D1); is_compe_c contributes to anomaly; price_gap_min_competitor contributes to anomaly; unit price is unusually high (4,600,000, above P90); is_compe_a contributes to anomaly.",0,61.81,20.87
Q-28185,D1,0.6181,4600000.0,1,4600000.0,960000,0.208695652173913,1,2000000.0,130.0,2843260.0,99.46,High conversion risk review,product (1.5866); is_compe_c (0.1420); price_gap_min_competitor (0.1357); unit_price (0.1066); is_compe_a (0.1061),"product category contributes to unusual pricing pattern (D1); is_compe_c contributes to anomaly; price_gap_min_competitor contributes to anomaly; unit price is unusually high (4,600,000, above P90); is_compe_a contributes to anomaly.",0,61.81,20.87
Q-37235,F1,0.6414,4600000.0,1,4600000.0,960000,0.208695652173913,1,2000000.0,130.0,2950440.0,97.51,High conversion risk review,product (1.6351); is_compe_c (0.1473); price_gap_min_competitor (0.1324); price_gap_avg_competitor_pct (0.1067); subtotal_price (0.1058),"product category contributes to unusual pricing pattern (F1); is_compe_c contributes to anomaly; price_gap_min_competitor contributes to anomaly; price is unusually above average competitor (130.0%, above P90); subtotal price is unusually high (4,600,000, above P90).",0,64.14,20.87
Q-21423,F1,0.6414,4600000.0,1,4600000.0,960000,0.208695652173913,1,2000000.0,130.0,2950440.0,97.51,High conversion risk review,product (1.6351); is_compe_c (0.1473); price_gap_min_competitor (0.1324); price_gap_avg_competitor_pct (0.1067); subtotal_price (0.1058),"product category contributes to unusual pricing pattern (F1); is_compe_c contributes to anomaly; price_gap_min_competitor contributes to anomaly; price is unusually above average competitor (130.0%, above P90); subtotal price is unusually high (4,600,000, above P90).",0,64.14,20.87
Q-36776,F1,0.6413,4600000.0,1,4600000.0,960000,0.208695652173913,1,2000000.0,130.0,2949980.0,97.51,High conversion risk review,product (1.6351); is_compe_c (0.1473); price_gap_min_competitor (0.1324); price_gap_avg_competitor_pct (0.1067); subtotal_price (0.1058),"product category contributes to unusual pricing pattern (F1); is_compe_c contributes to anomaly; price_gap_min_competitor contributes to anomaly; price is unusually above average competitor (130.0%, above P90); subtotal price is unusually high (4,600,000, above P90).",0,64.13,20.87
Q-45734,D1,0.5629,4007700.0,1,4007700.0,960000,0.2395388876412905,1,2000000.0,100.38,2255934.33,97.49,High conversion risk review,product (1.5805); price_gap_min_competitor (0.1263); is_compe_c (0.1211); unit_price (0.1032); is_compe_a (0.1031),"product category contributes to unusual pricing pattern (D1); price_gap_min_competitor contributes to anomaly; is_compe_c contributes to anomaly; unit price is unusually high (4,007,700, above P90); is_compe_a contributes to anomaly.",1,56.29,23.95
Q-08767,E1,0.6335000000000001,4600000.0,1,4600000.0,960000,0.208695652173913,1,2000000.0,130.0,2914100.0,97.1,High conversion risk review,product (1.5776); is_compe_c (0.1452); price_gap_min_competitor (0.1343); is_compe_a (0.1043); subtotal_price (0.1008),"product category contributes to unusual pricing pattern (E1); is_compe_c contributes to anomaly; price_gap_min_competitor contributes to anomaly; is_compe_a contributes to anomaly; subtotal price is unusually high (4,600,000, above P90).",0,63.35,20.87
Q-37173,E1,0.6318,4600000.0,1,4600000.0,960000,0.208695652173913,1,2000000.0,130.0,2906280.0,97.06,High conversion risk review,product (1.5776); is_compe_c (0.1452); price_gap_min_competitor (0.1343); is_compe_a (0.1043); subtotal_price (0.1004),"product category contributes to unusual pricing pattern (E1); is_compe_c contributes to anomaly; price_gap_min_competitor contributes to anomaly; is_compe_a contributes to anomaly; subtotal price is unusually high (4,600,000, above P90).",0,63.18,20.87
Q-07853,D1,0.3417,2810600.0,2,5621200.0,960000,0.1707820394221874,1,2000000.0,40.53,1920764.04,93.21,Conversion risk review,product (1.3530); is_compe_c (0.1157); avg_competitor_price (0.1016); subtotal_price (0.0922); kw (0.0884),"product category contributes to unusual pricing pattern (D1); is_compe_c contributes to anomaly; avg_competitor_price is unusually high (2,000,000.0000, above P90); subtotal price is unusually high (5,621,200, above P90); kw contributes to anomaly.",0,34.17,17.08
Q-10461,D1,0.2894,2576000.0,2,5152000.0,960000,0.186335403726708,1,2000000.0,28.8,1490988.7999999998,92.24,Conversion risk review,product (1.2883); is_compe_c (0.1167); avg_competitor_price (0.1034); estimated_cost (0.0885); subtotal_price (0.0882),"product category contributes to unusual pricing pattern (D1); is_compe_c contributes to anomaly; avg_competitor_price is unusually high (2,000,000.0000, above P90); estimated_cost is unusually high (3,661,011.2000, above P90); subtotal price is unusually high (5,152,000, above P90).",1,28.94,18.63
Q-22106,D1,0.1987,2162000.0,3,6486000.0,960000,0.1480111008325624,1,2000000.0,8.1,1288768.2000000002,91.64,Conversion risk review,product (1.3400); estimated_cost (0.1261); is_compe_c (0.1250); avg_competitor_price (0.1050); subtotal_price (0.0933),"product category contributes to unusual pricing pattern (D1); estimated_cost is unusually high (5,197,231.8000, above P90); is_compe_c contributes to anomaly; avg_competitor_price is unusually high (2,000,000.0000, above P90); subtotal price is unusually high (6,486,000, above P90).",1,19.87,14.8
Q-27126,F1,-0.1578999999999999,1341614.5,2,2683229.0,960000,0.357777886270609,1,2000000.0,-32.92,-423681.8591,91.19,Profitability risk review,product (1.4901); is_compe_c (0.1451); gross_margin_rate (0.0967); avg_competitor_price (0.0904); estimated_cost (0.0878),"product category contributes to unusual pricing pattern (F1); is_compe_c contributes to anomaly; GMR is negative (-15.8%); avg_competitor_price is unusually high (2,000,000.0000, above P90); estimated_cost is unusually high (3,106,910.8591, above P90).",1,-15.79,35.78
Q-09626,D1,0.516,3500000.0,1,3500000.0,960000,0.2742857142857143,1,2000000.0,75.0,1806000.0,90.3,High conversion risk review,product (1.3466); is_compe_c (0.1160); unit_price (0.0975); avg_competitor_price (0.0951); price_gap_min_competitor (0.0889),"product category contributes to unusual pricing pattern (D1); is_compe_c contributes to anomaly; unit price is unusually high (3,500,000, above P90); avg_competitor_price is unusually high (2,000,000.0000, above P90); price_gap_min_competitor contributes to anomaly.",0,51.6,27.43
Q-44064,D1,0.4795,3456200.0,1,3456200.0,960000,0.2777617036051154,1,2000000.0,72.81,1657247.9,90.15,High conversion risk review,product (1.3364); is_compe_c (0.1136); avg_competitor_price (0.0945); unit_price (0.0940); price_gap_min_competitor (0.0899),"product category contributes to unusual pricing pattern (D1); is_compe_c contributes to anomaly; avg_competitor_price is unusually high (2,000,000.0000, above P90); unit price is unusually high (3,456,200, above P90); price_gap_min_competitor contributes to anomaly.",1,47.95,27.78
Q-44238,D1,0.4851,3396723.0,1,3396723.0,960000,0.2826253421312247,1,2000000.0,69.84,1647750.3273,89.94,High conversion risk review,product (1.3099); is_compe_c (0.1136); unit_price (0.0977); avg_competitor_price (0.0951); price_gap_min_competitor (0.0877),"product category contributes to unusual pricing pattern (D1); is_compe_c contributes to anomaly; unit price is unusually high (3,396,723, above P90); avg_competitor_price is unusually high (2,000,000.0000, above P90); price_gap_min_competitor contributes to anomaly.",1,48.51,28.26
Q-14607,C1,0.0956,1374238.74,2,2748477.48,768000,0.2794274304914443,1,2100000.0,-34.56,262754.4470879999,89.54,Unusual pricing pattern review,product (1.5487); competitor_c (0.4483); is_compe_c (0.1399); avg_competitor_price (0.1069); estimated_cost (0.0944),"product category contributes to unusual pricing pattern (C1); competitor_c contributes to anomaly; is_compe_c contributes to anomaly; avg_competitor_price is unusually high (2,100,000.0000, above P90); estimated_cost is unusually high (2,485,723.0329, above P90).",1,9.56,27.94
Q-21279,E1,0.306,2439380.0,2,4878760.0,960000,0.1967713107428937,1,2000000.0,21.97,1492900.56,89.54,Conversion risk review,product (1.3028); is_compe_c (0.1171); avg_competitor_price (0.1005); kw (0.0890); subtotal_price (0.0788),"product category contributes to unusual pricing pattern (E1); is_compe_c contributes to anomaly; avg_competitor_price is unusually high (2,000,000.0000, above P90); kw contributes to anomaly; subtotal price is unusually high (4,878,760, above P90).",1,30.6,19.68
Q-14125,C1,0.5454,1605300.0,2,3210600.0,768000,0.2392076247430387,1,2100000.0,-23.56,1751061.24,89.35,Opportunity review,product (1.5219); competitor_c (0.4361); is_compe_c (0.1338); avg_competitor_price (0.1124); max_competitor_price (0.0894),"product category contributes to unusual pricing pattern (C1); competitor_c contributes to anomaly; is_compe_c contributes to anomaly; avg_competitor_price is unusually high (2,100,000.0000, above P90); max_competitor_price contributes to anomaly.",1,54.54,23.92
Q-12432,S,0.6994,3420000.0,1,3420000.0,528000,0.1543859649122807,1,1880000.0,81.91,2391948.0,88.43,High conversion risk review,product (1.1665); estimated_gross_profit (0.0805); unit_price (0.0805); price_gap_min_competitor (0.0756); price_gap_avg_competitor (0.0724),"product category contributes to unusual pricing pattern (S); estimated gross profit is unusually high (2,391,948, above P90); unit price is unusually high (3,420,000, above P90); price_gap_min_competitor contributes to anomaly; price_gap_avg_competitor contributes to anomaly.",0,69.94,15.44
Q-12382,S,0.6994,3420000.0,1,3420000.0,528000,0.1543859649122807,1,1880000.0,81.91,2391948.0,88.43,High conversion risk review,product (1.1665); estimated_gross_profit (0.0805); unit_price (0.0805); price_gap_min_competitor (0.0756); price_gap_avg_competitor (0.0724),"product category contributes to unusual pricing pattern (S); estimated gross profit is unusually high (2,391,948, above P90); unit price is unusually high (3,420,000, above P90); price_gap_min_competitor contributes to anomaly; price_gap_avg_competitor contributes to anomaly.",0,69.94,15.44
Q-12213,S,0.6994,3420000.0,1,3420000.0,528000,0.1543859649122807,1,1880000.0,81.91,2391948.0,88.43,High conversion risk review,product (1.1665); estimated_gross_profit (0.0805); unit_price (0.0805); price_gap_min_competitor (0.0756); price_gap_avg_competitor (0.0724),"product category contributes to unusual pricing pattern (S); estimated gross profit is unusually high (2,391,948, above P90); unit price is unusually high (3,420,000, above P90); price_gap_min_competitor contributes to anomaly; price_gap_avg_competitor contributes to anomaly.",0,69.94,15.44
Q-02733,S,0.2164,1222400.0,3,3667200.0,528000,0.143979057591623,1,1880000.0,-34.98,793582.0800000001,88.34,Unusual pricing pattern review,product (1.3669); estimated_cost (0.0933); subtotal_price (0.0851); price_gap_avg_competitor (0.0808); effective_price_after_grant (0.0724),"product category contributes to unusual pricing pattern (S); estimated_cost is unusually high (2,873,617.9200, above P90); subtotal price is unusually high (3,667,200, above P90); price_gap_avg_competitor contributes to anomaly; effective_price_after_grant is unusually high (3,139,200.0000, above P90).",0,21.64,14.4
Q-06228,S,0.6406999999999999,3420000.0,1,3420000.0,528000,0.1543859649122807,1,1880000.0,81.91,2191194.0,88.14,High conversion risk review,product (1.1650); unit_price (0.0804); price_gap_min_competitor (0.0768); price_gap_avg_competitor (0.0725); estimated_gross_profit (0.0687),"product category contributes to unusual pricing pattern (S); unit price is unusually high (3,420,000, above P90); price_gap_min_competitor contributes to anomaly; price_gap_avg_competitor contributes to anomaly; estimated gross profit is unusually high (2,191,194, above P90).",0,64.07,15.44
Q-06683,S,0.6531999999999999,3420000.0,1,3420000.0,528000,0.1543859649122807,1,1880000.0,81.91,2233943.9999999995,88.1,High conversion risk review,product (1.1567); unit_price (0.0795); price_gap_min_competitor (0.0768); price_gap_avg_competitor (0.0735); is_compe_a (0.0704),"product category contributes to unusual pricing pattern (S); unit price is unusually high (3,420,000, above P90); price_gap_min_competitor contributes to anomaly; price_gap_avg_competitor contributes to anomaly; is_compe_a contributes to anomaly.",0,65.32,15.44
Q-09993,N1,0.3404,1304400.0,4,5217600.0,375000,0.0718721251149954,2,830000.0,57.16,1776071.04,86.58,Conversion risk review,product (0.9504); estimated_cost (0.0879); effective_price_after_grant (0.0872); subtotal_price (0.0858); estimated_gross_profit (0.0749),"product category contributes to unusual pricing pattern (N1); estimated_cost is unusually high (3,441,528.9600, above P90); effective_price_after_grant is unusually high (4,842,600.0000, above P90); subtotal price is unusually high (5,217,600, above P90); estimated gross profit is unusually high (1,776,071, above P90).",1,34.04,7.19
Q-36655,U,0.6964,3420000.0,1,3420000.0,528000,0.1543859649122807,1,1880000.0,81.91,2381688.0,86.05,High conversion risk review,product (1.3744); estimated_gross_profit (0.0835); price_gap_min_competitor (0.0819); unit_price (0.0775); is_compe_a (0.0759),"product category contributes to unusual pricing pattern (U); estimated gross profit is unusually high (2,381,688, above P90); price_gap_min_competitor contributes to anomaly; unit price is unusually high (3,420,000, above P90); is_compe_a contributes to anomaly.",0,69.64,15.44
Q-39686,U,0.6964,3420000.0,1,3420000.0,528000,0.1543859649122807,1,1880000.0,81.91,2381688.0,86.05,High conversion risk review,product (1.3744); estimated_gross_profit (0.0835); price_gap_min_competitor (0.0819); unit_price (0.0775); is_compe_a (0.0759),"product category contributes to unusual pricing pattern (U); estimated gross profit is unusually high (2,381,688, above P90); price_gap_min_competitor contributes to anomaly; unit price is unusually high (3,420,000, above P90); is_compe_a contributes to anomaly.",0,69.64,15.44
Q-31937,U,0.6962,3420000.0,1,3420000.0,528000,0.1543859649122807,1,1880000.0,81.91,2381004.0,86.05,High conversion risk review,product (1.3744); estimated_gross_profit (0.0835); price_gap_min_competitor (0.0819); unit_price (0.0775); is_compe_a (0.0759),"product category contributes to unusual pricing pattern (U); estimated gross profit is unusually high (2,381,004, above P90); price_gap_min_competitor contributes to anomaly; unit price is unusually high (3,420,000, above P90); is_compe_a contributes to anomaly.",0,69.62,15.44
Q-44125,U,0.6965,3420000.0,1,3420000.0,528000,0.1543859649122807,1,1880000.0,81.91,2382030.0,86.05,High conversion risk review,product (1.3744); estimated_gross_profit (0.0835); price_gap_min_competitor (0.0819); unit_price (0.0775); is_compe_a (0.0759),"product category contributes to unusual pricing pattern (U); estimated gross profit is unusually high (2,382,030, above P90); price_gap_min_competitor contributes to anomaly; unit price is unusually high (3,420,000, above P90); is_compe_a contributes to anomaly.",0,69.65,15.44
Q-40805,U,0.6964,3420000.0,1,3420000.0,528000,0.1543859649122807,1,1880000.0,81.91,2381688.0,86.05,High conversion risk review,product (1.3744); estimated_gross_profit (0.0835); price_gap_min_competitor (0.0819); unit_price (0.0775); is_compe_a (0.0759),"product category contributes to unusual pricing pattern (U); estimated gross profit is unusually high (2,381,688, above P90); price_gap_min_competitor contributes to anomaly; unit price is unusually high (3,420,000, above P90); is_compe_a contributes to anomaly.",0,69.64,15.44
Q-19530,D1,0.4125,2990000.0,1,2990000.0,960000,0.3210702341137124,1,2000000.0,49.5,1233375.0,85.37,Conversion risk review,product (1.1461); is_compe_c (0.1054); avg_competitor_price (0.0880); kw (0.0729); unit_price (0.0709),"product category contributes to unusual pricing pattern (D1); is_compe_c contributes to anomaly; avg_competitor_price is unusually high (2,000,000.0000, above P90); kw contributes to anomaly; unit price is unusually high (2,990,000, above P90).",0,41.25,32.11
Q-19529,D1,0.4125,2990000.0,1,2990000.0,960000,0.3210702341137124,1,2000000.0,49.5,1233375.0,85.37,Conversion risk review,product (1.1461); is_compe_c (0.1054); avg_competitor_price (0.0880); kw (0.0729); unit_price (0.0709),"product category contributes to unusual pricing pattern (D1); is_compe_c contributes to anomaly; avg_competitor_price is unusually high (2,000,000.0000, above P90); kw contributes to anomaly; unit price is unusually high (2,990,000, above P90).",0,41.25,32.11
Q-19526,D1,0.4125,2990000.0,1,2990000.0,960000,0.3210702341137124,1,2000000.0,49.5,1233375.0,85.37,Conversion risk review,product (1.1461); is_compe_c (0.1054); avg_competitor_price (0.0880); kw (0.0729); unit_price (0.0709),"product category contributes to unusual pricing pattern (D1); is_compe_c contributes to anomaly; avg_competitor_price is unusually high (2,000,000.0000, above P90); kw contributes to anomaly; unit price is unusually high (2,990,000, above P90).",0,41.25,32.11
Q-19522,D1,0.4125,2990000.0,1,2990000.0,960000,0.3210702341137124,1,2000000.0,49.5,1233375.0,85.37,Conversion risk review,product (1.1461); is_compe_c (0.1054); avg_competitor_price (0.0880); kw (0.0729); unit_price (0.0709),"product category contributes to unusual pricing pattern (D1); is_compe_c contributes to anomaly; avg_competitor_price is unusually high (2,000,000.0000, above P90); kw contributes to anomaly; unit price is unusually high (2,990,000, above P90).",0,41.25,32.11
Q-19531,D1,0.4125,2990000.0,1,2990000.0,960000,0.3210702341137124,1,2000000.0,49.5,1233375.0,85.37,Conversion risk review,product (1.1461); is_compe_c (0.1054); avg_competitor_price (0.0880); kw (0.0729); unit_price (0.0709),"product category contributes to unusual pricing pattern (D1); is_compe_c contributes to anomaly; avg_competitor_price is unusually high (2,000,000.0000, above P90); kw contributes to anomaly; unit price is unusually high (2,990,000, above P90).",0,41.25,32.11
Q-19536,D1,0.4125,2990000.0,1,2990000.0,960000,0.3210702341137124,1,2000000.0,49.5,1233375.0,85.37,Conversion risk review,product (1.1461); is_compe_c (0.1054); avg_competitor_price (0.0880); kw (0.0729); unit_price (0.0709),"product category contributes to unusual pricing pattern (D1); is_compe_c contributes to anomaly; avg_competitor_price is unusually high (2,000,000.0000, above P90); kw contributes to anomaly; unit price is unusually high (2,990,000, above P90).",0,41.25,32.11
Q-43583,D1,0.4039,2944000.0,1,2944000.0,960000,0.3260869565217391,1,2000000.0,47.2,1189081.6,84.4,Conversion risk review,product (1.1451); is_compe_c (0.1071); avg_competitor_price (0.0883); kw (0.0723); unit_price (0.0706),"product category contributes to unusual pricing pattern (D1); is_compe_c contributes to anomaly; avg_competitor_price is unusually high (2,000,000.0000, above P90); kw contributes to anomaly; unit price is unusually high (2,944,000, above P90).",0,40.39,32.61
Q-43593,D1,0.4039,2944000.0,1,2944000.0,960000,0.3260869565217391,1,2000000.0,47.2,1189081.6,84.4,Conversion risk review,product (1.1451); is_compe_c (0.1071); avg_competitor_price (0.0883); kw (0.0723); unit_price (0.0706),"product category contributes to unusual pricing pattern (D1); is_compe_c contributes to anomaly; avg_competitor_price is unusually high (2,000,000.0000, above P90); kw contributes to anomaly; unit price is unusually high (2,944,000, above P90).",0,40.39,32.61
Q-08465,T,0.7012,3420000.0,1,3420000.0,528000,0.1543859649122807,1,1880000.0,81.91,2398104.0,84.04,High conversion risk review,product (1.4202); estimated_gross_profit (0.0835); price_gap_min_competitor (0.0784); unit_price (0.0752); avg_competitor_price (0.0682),"product category contributes to unusual pricing pattern (T); estimated gross profit is unusually high (2,398,104, above P90); price_gap_min_competitor contributes to anomaly; unit price is unusually high (3,420,000, above P90); avg_competitor_price is unusually high (1,880,000.0000, above P90).",0,70.12,15.44
Q-17874,V,0.7045,3420000.0,1,3420000.0,528000,0.1543859649122807,1,1880000.0,81.91,2409390.0,83.88,High conversion risk review,product (1.1670); estimated_gross_profit (0.0829); price_gap_min_competitor (0.0822); unit_price (0.0763); min_competitor_price (0.0683),"product category contributes to unusual pricing pattern (V); estimated gross profit is unusually high (2,409,390, above P90); price_gap_min_competitor contributes to anomaly; unit price is unusually high (3,420,000, above P90); min_competitor_price contributes to anomaly.",0,70.45,15.44
Q-06327,T,0.6448999999999999,3420000.0,1,3420000.0,528000,0.1543859649122807,1,1880000.0,81.91,2205558.0,83.84,High conversion risk review,product (1.3727); price_gap_min_competitor (0.0796); unit_price (0.0725); estimated_gross_profit (0.0721); avg_competitor_price (0.0687),"product category contributes to unusual pricing pattern (T); price_gap_min_competitor contributes to anomaly; unit price is unusually high (3,420,000, above P90); estimated gross profit is unusually high (2,205,558, above P90); avg_competitor_price is unusually high (1,880,000.0000, above P90).",0,64.49,15.44
Q-23723,E1,0.417,2990000.0,1,2990000.0,960000,0.3210702341137124,1,2000000.0,49.5,1246830.0,83.46,Conversion risk review,product (1.1746); is_compe_c (0.1063); avg_competitor_price (0.0857); kw (0.0720); unit_price (0.0682),"product category contributes to unusual pricing pattern (E1); is_compe_c contributes to anomaly; avg_competitor_price is unusually high (2,000,000.0000, above P90); kw contributes to anomaly; unit price is unusually high (2,990,000, above P90).",0,41.7,32.11
Q-31163,U,0.5390999999999999,2254333.0,2,4508666.0,528000,0.1171078097157784,1,1880000.0,19.91,2430621.8406,83.28,Conversion risk review,product (1.1401); subtotal_price (0.0816); estimated_gross_profit (0.0744); competitor_a (0.0713); avg_competitor_price (0.0649),"product category contributes to unusual pricing pattern (U); subtotal price is unusually high (4,508,666, above P90); estimated gross profit is unusually high (2,430,622, above P90); competitor_a contributes to anomaly; avg_competitor_price is unusually high (1,880,000.0000, above P90).",1,53.91,11.71
Q-19729,D1,0.3837,2852000.0,1,2852000.0,960000,0.3366058906030855,1,2000000.0,42.6,1094312.4,83.14,Conversion risk review,product (1.0896); is_compe_c (0.1030); avg_competitor_price (0.0898); kw (0.0736); unit_price (0.0729),"product category contributes to unusual pricing pattern (D1); is_compe_c contributes to anomaly; avg_competitor_price is unusually high (2,000,000.0000, above P90); kw contributes to anomaly; unit price is unusually high (2,852,000, above P90).",0,38.37,33.66
Q-45730,D1,0.2912,2660923.0,1,2660923.0,960000,0.3607770687088653,1,2000000.0,33.05,774860.7776000001,82.72,Conversion risk review,product (1.0631); is_compe_c (0.1050); avg_competitor_price (0.0868); unit_price (0.0747); kw (0.0741),"product category contributes to unusual pricing pattern (D1); is_compe_c contributes to anomaly; avg_competitor_price is unusually high (2,000,000.0000, above P90); unit price is unusually high (2,660,923, above P90); kw contributes to anomaly.",1,29.12,36.08
Q-10080,D1,0.3747,2810600.0,1,2810600.0,960000,0.3415640788443748,1,2000000.0,40.53,1053131.82,82.37,Conversion risk review,product (1.0563); is_compe_c (0.0980); avg_competitor_price (0.0868); kw (0.0738); unit_price (0.0698),"product category contributes to unusual pricing pattern (D1); is_compe_c contributes to anomaly; avg_competitor_price is unusually high (2,000,000.0000, above P90); kw contributes to anomaly; unit price is unusually high (2,810,600, above P90).",0,37.47,34.16
Q-26680,D1,0.374,2806000.0,1,2806000.0,960000,0.3421240199572345,1,2000000.0,40.3,1049444.0,82.37,Conversion risk review,product (1.0563); is_compe_c (0.0980); avg_competitor_price (0.0868); kw (0.0738); unit_price (0.0698),"product category contributes to unusual pricing pattern (D1); is_compe_c contributes to anomaly; avg_competitor_price is unusually high (2,000,000.0000, above P90); kw contributes to anomaly; unit price is unusually high (2,806,000, above P90).",0,37.4,34.21
Q-40905,D1,0.374,2806000.0,1,2806000.0,960000,0.3421240199572345,1,2000000.0,40.3,1049444.0,82.37,Conversion risk review,product (1.0563); is_compe_c (0.0980); avg_competitor_price (0.0868); kw (0.0738); unit_price (0.0698),"product category contributes to unusual pricing pattern (D1); is_compe_c contributes to anomaly; avg_competitor_price is unusually high (2,000,000.0000, above P90); kw contributes to anomaly; unit price is unusually high (2,806,000, above P90).",0,37.4,34.21
Q-11022,D1,0.3678,2778400.0,1,2778400.0,960000,0.3455226029369421,1,2000000.0,38.92,1021895.52,82.33,Conversion risk review,product (1.0493); is_compe_c (0.0980); avg_competitor_price (0.0868); kw (0.0732); unit_price (0.0697),"product category contributes to unusual pricing pattern (D1); is_compe_c contributes to anomaly; avg_competitor_price is unusually high (2,000,000.0000, above P90); kw contributes to anomaly; unit price is unusually high (2,778,400, above P90).",0,36.78,34.55
Q-12318,D1,0.3749,2599000.0,1,2599000.0,960000,0.3693728357060408,1,2000000.0,29.95,974365.1,82.08,Conversion risk review,product (1.0053); is_compe_c (0.1008); avg_competitor_price (0.0868); kw (0.0743); unit_price (0.0689),"product category contributes to unusual pricing pattern (D1); is_compe_c contributes to anomaly; avg_competitor_price is unusually high (2,000,000.0000, above P90); kw contributes to anomaly; unit price is unusually high (2,599,000, above P90).",0,37.49,36.94
Q-18426,E1,0.3657,2852000.0,1,2852000.0,960000,0.3366058906030855,1,2000000.0,42.6,1042976.4,82.06,Conversion risk review,product (1.1507); is_compe_c (0.1019); avg_competitor_price (0.0865); kw (0.0756); unit_price (0.0669),"product category contributes to unusual pricing pattern (E1); is_compe_c contributes to anomaly; avg_competitor_price is unusually high (2,000,000.0000, above P90); kw contributes to anomaly; unit price is unusually high (2,852,000, above P90).",0,36.57,33.66
Q-23681,E1,0.1043999999999999,1931000.0,1,1931000.0,960000,0.4971517348524081,1,2000000.0,-3.45,201596.4000000001,81.52,Unusual pricing pattern review,product (1.2709); is_compe_c (0.1254); avg_competitor_price (0.0767); max_competitor_price (0.0682); unit_price (0.0604),"product category contributes to unusual pricing pattern (E1); is_compe_c contributes to anomaly; avg_competitor_price is unusually high (2,000,000.0000, above P90); max_competitor_price contributes to anomaly; unit price is unusually high (1,931,000, above P90).",1,10.44,49.72
Q-21627,E1,0.3444,2806000.0,1,2806000.0,960000,0.3421240199572345,1,2000000.0,40.3,966386.4,81.41,Conversion risk review,product (1.1240); is_compe_c (0.0982); avg_competitor_price (0.0835); kw (0.0759); unit_price (0.0650),"product category contributes to unusual pricing pattern (E1); is_compe_c contributes to anomaly; avg_competitor_price is unusually high (2,000,000.0000, above P90); kw contributes to anomaly; unit price is unusually high (2,806,000, above P90).",1,34.44,34.21
Q-40891,E1,0.3965999999999999,2806000.0,1,2806000.0,960000,0.3421240199572345,1,2000000.0,40.3,1112859.6,81.24,Conversion risk review,product (1.1018); is_compe_c (0.0982); avg_competitor_price (0.0830); kw (0.0720); unit_price (0.0669),"product category contributes to unusual pricing pattern (E1); is_compe_c contributes to anomaly; avg_competitor_price is unusually high (2,000,000.0000, above P90); kw contributes to anomaly; unit price is unusually high (2,806,000, above P90).",0,39.66,34.21
Q-27045,E1,0.3965999999999999,2806000.0,1,2806000.0,960000,0.3421240199572345,1,2000000.0,40.3,1112859.6,81.24,Conversion risk review,product (1.1018); is_compe_c (0.0982); avg_competitor_price (0.0830); kw (0.0720); unit_price (0.0669),"product category contributes to unusual pricing pattern (E1); is_compe_c contributes to anomaly; avg_competitor_price is unusually high (2,000,000.0000, above P90); kw contributes to anomaly; unit price is unusually high (2,806,000, above P90).",0,39.66,34.21
Q-27042,E1,0.3965999999999999,2806000.0,1,2806000.0,960000,0.3421240199572345,1,2000000.0,40.3,1112859.6,81.24,Conversion risk review,product (1.1018); is_compe_c (0.0982); avg_competitor_price (0.0830); kw (0.0720); unit_price (0.0669),"product category contributes to unusual pricing pattern (E1); is_compe_c contributes to anomaly; avg_competitor_price is unusually high (2,000,000.0000, above P90); kw contributes to anomaly; unit price is unusually high (2,806,000, above P90).",0,39.66,34.21
Q-34806,E1,0.3965999999999999,2806000.0,1,2806000.0,960000,0.3421240199572345,1,2000000.0,40.3,1112859.6,81.24,Conversion risk review,product (1.1018); is_compe_c (0.0982); avg_competitor_price (0.0830); kw (0.0720); unit_price (0.0669),"product category contributes to unusual pricing pattern (E1); is_compe_c contributes to anomaly; avg_competitor_price is unusually high (2,000,000.0000, above P90); kw contributes to anomaly; unit price is unusually high (2,806,000, above P90).",0,39.66,34.21
Q-12318,F1,0.3749,2852000.0,1,2852000.0,960000,0.3366058906030855,1,2000000.0,42.6,1069214.8,81.05,Conversion risk review,product (1.1055); is_compe_c (0.1125); avg_competitor_price (0.0862); kw (0.0754); max_competitor_price (0.0632),"product category contributes to unusual pricing pattern (F1); is_compe_c contributes to anomaly; avg_competitor_price is unusually high (2,000,000.0000, above P90); kw contributes to anomaly; max_competitor_price contributes to anomaly.",0,37.49,33.66
Q-06635,S,0.4775999999999999,1966500.0,2,3933000.0,528000,0.1342486651411136,1,1880000.0,4.6,1878400.8,80.75,Conversion risk review,product (0.9219); subtotal_price (0.0659); effective_price_after_grant (0.0654); avg_competitor_price (0.0628); competitor_a (0.0600),"product category contributes to unusual pricing pattern (S); subtotal price is unusually high (3,933,000, above P90); effective_price_after_grant is unusually high (3,405,000.0000, above P90); avg_competitor_price is unusually high (1,880,000.0000, above P90); competitor_a contributes to anomaly.",0,47.76,13.42
Q-06634,S,0.4775999999999999,1966500.0,2,3933000.0,528000,0.1342486651411136,1,1880000.0,4.6,1878400.8,80.75,Conversion risk review,product (0.9219); subtotal_price (0.0659); effective_price_after_grant (0.0654); avg_competitor_price (0.0628); competitor_a (0.0600),"product category contributes to unusual pricing pattern (S); subtotal price is unusually high (3,933,000, above P90); effective_price_after_grant is unusually high (3,405,000.0000, above P90); avg_competitor_price is unusually high (1,880,000.0000, above P90); competitor_a contributes to anomaly.",0,47.76,13.42
Q-10316,S,0.4625999999999999,1911780.0,2,3823560.0,528000,0.1380912029626839,1,1880000.0,1.69,1768778.8559999997,80.69,Conversion risk review,product (0.9329); subtotal_price (0.0657); effective_price_after_grant (0.0657); competitor_a (0.0655); avg_competitor_price (0.0621),"product category contributes to unusual pricing pattern (S); subtotal price is unusually high (3,823,560, above P90); effective_price_after_grant is unusually high (3,295,560.0000, above P90); competitor_a contributes to anomaly; avg_competitor_price is unusually high (1,880,000.0000, above P90).",0,46.26,13.81
Q-10309,U,0.3268,1542420.0,2,3084840.0,528000,0.1711596063329054,1,1880000.0,-17.96,1008125.7119999998,80.68,Unusual pricing pattern review,product (1.2440); competitor_a (0.0654); estimated_cost (0.0620); subtotal_price (0.0615); avg_competitor_price (0.0539),"product category contributes to unusual pricing pattern (U); competitor_a contributes to anomaly; estimated_cost is unusually high (2,076,714.2880, above P90); subtotal price is unusually high (3,084,840, above P90); avg_competitor_price is unusually high (1,880,000.0000, above P90).",1,32.68,17.12
Q-38953,C1,0.1202,1172500.0,1,1172500.0,768000,0.6550106609808103,1,2100000.0,-44.17,140934.5,80.53,Unusual pricing pattern review,product (1.3836); competitor_c (0.3417); is_compe_c (0.1390); avg_competitor_price (0.0958); max_competitor_price (0.0697),"product category contributes to unusual pricing pattern (C1); competitor_c contributes to anomaly; is_compe_c contributes to anomaly; avg_competitor_price is unusually high (2,100,000.0000, above P90); max_competitor_price contributes to anomaly.",1,12.02,65.5
Q-08241,T,0.1746,1431270.0,2,2862540.0,528000,0.1844515709824142,1,1880000.0,-23.87,499799.4839999997,80.34,Unusual pricing pattern review,product (1.2728); subtotal_price (0.0673); avg_competitor_price (0.0663); competitor_a (0.0655); estimated_cost (0.0617),"product category contributes to unusual pricing pattern (T); subtotal price is unusually high (2,862,540, above P90); avg_competitor_price is unusually high (1,880,000.0000, above P90); competitor_a contributes to anomaly; estimated_cost is unusually high (2,362,740.5160, above P90).",0,17.46,18.45
Q-21516,T,0.1869,1431270.0,2,2862540.0,528000,0.1844515709824142,1,1880000.0,-23.87,535008.7260000003,80.17,Unusual pricing pattern review,product (1.2728); subtotal_price (0.0694); avg_competitor_price (0.0663); competitor_a (0.0655); estimated_cost (0.0617),"product category contributes to unusual pricing pattern (T); subtotal price is unusually high (2,862,540, above P90); avg_competitor_price is unusually high (1,880,000.0000, above P90); competitor_a contributes to anomaly; estimated_cost is unusually high (2,327,531.2740, above P90).",1,18.69,18.45
Q-45210,Y,0.4871,2610800.0,4,10443200.0,720000,0.0689443848628772,0,,,5086882.720000001,80.11,Information gap review,product (1.0800); estimated_cost (0.1010); effective_price_after_grant (0.0947); subtotal_price (0.0906); estimated_gross_profit (0.0770),"product category contributes to unusual pricing pattern (Y); estimated_cost is unusually high (5,356,317.2800, above P90); effective_price_after_grant is unusually high (9,723,200.0000, above P90); subtotal price is unusually high (10,443,200, above P90); estimated gross profit is unusually high (5,086,883, above P90).",1,48.71,6.89
Q-11679,E1,0.3413,2571400.0,1,2571400.0,960000,0.3733374815275725,1,2000000.0,28.57,877618.8200000001,79.94,Conversion risk review,product (1.0481); is_compe_c (0.0996); avg_competitor_price (0.0807); kw (0.0705); unit_price (0.0669),"product category contributes to unusual pricing pattern (E1); is_compe_c contributes to anomaly; avg_competitor_price is unusually high (2,000,000.0000, above P90); kw contributes to anomaly; unit price is unusually high (2,571,400, above P90).",0,34.13,37.33
Q-42235,C1,0.1508,1289500.0,1,1289500.0,768000,0.5955796820473052,1,2100000.0,-38.6,194456.6000000001,79.88,Unusual pricing pattern review,product (1.3290); competitor_c (0.3417); is_compe_c (0.1390); avg_competitor_price (0.0948); max_competitor_price (0.0673),"product category contributes to unusual pricing pattern (C1); competitor_c contributes to anomaly; is_compe_c contributes to anomaly; avg_competitor_price is unusually high (2,100,000.0000, above P90); max_competitor_price contributes to anomaly.",1,15.08,59.56
Q-20425,E1,0.2603,2490000.0,1,2490000.0,960000,0.3855421686746988,1,2000000.0,24.5,648147.0,79.87,Conversion risk review,product (1.0897); is_compe_c (0.1000); avg_competitor_price (0.0784); kw (0.0740); unit_price (0.0662),"product category contributes to unusual pricing pattern (E1); is_compe_c contributes to anomaly; avg_competitor_price is unusually high (2,000,000.0000, above P90); kw contributes to anomaly; unit price is unusually high (2,490,000, above P90).",1,26.03,38.55
Q-29754,U,0.2285,1315678.0,2,2631356.0,528000,0.2006569996610112,1,1880000.0,-30.02,601264.8460000001,79.36,Unusual pricing pattern review,product (1.2175); competitor_a (0.0648); price_gap_avg_competitor (0.0598); subtotal_price (0.0562); estimated_cost (0.0545),"product category contributes to unusual pricing pattern (U); competitor_a contributes to anomaly; price_gap_avg_competitor contributes to anomaly; subtotal price is unusually high (2,631,356, above P90); estimated_cost is unusually high (2,030,091.1540, above P90).",1,22.85,20.07
Q-18368,U,0.1871999999999999,1282158.0,2,2564316.0,528000,0.2059028606458798,1,1880000.0,-31.8,480039.9552000002,79.3,Unusual pricing pattern review,product (1.2187); competitor_a (0.0654); price_gap_avg_competitor (0.0643); estimated_cost (0.0601); price_gap_min_competitor (0.0595),"product category contributes to unusual pricing pattern (U); competitor_a contributes to anomaly; price_gap_avg_competitor contributes to anomaly; estimated_cost is unusually high (2,084,276.0448, above P90); price_gap_min_competitor contributes to anomaly.",1,18.72,20.59
Q-42452,C1,0.4763,1217460.0,1,1217460.0,768000,0.6308215464984476,1,2100000.0,-42.03,579876.198,78.07,Opportunity review,product (1.2989); competitor_c (0.3417); is_compe_c (0.1286); avg_competitor_price (0.0969); max_competitor_price (0.0702),"product category contributes to unusual pricing pattern (C1); competitor_c contributes to anomaly; is_compe_c contributes to anomaly; avg_competitor_price is unusually high (2,100,000.0000, above P90); max_competitor_price contributes to anomaly.",1,47.63,63.08
Q-24180,J1,0.135,495811.0,6,2974866.0,181500,0.0610111514266525,1,620000.0,-20.03,401606.91000000015,77.65,Unusual pricing pattern review,product (0.7963); estimated_cost (0.0818); effective_price_after_grant (0.0698); subtotal_price (0.0676); qty (0.0563),"product category contributes to unusual pricing pattern (J1); estimated_cost is unusually high (2,573,259.0900, above P90); effective_price_after_grant is unusually high (2,793,366.0000, above P90); subtotal price is unusually high (2,974,866, above P90); qty is unusually high (6.0000, above P90).",1,13.5,6.1
Q-34127,G,0.2825,1592200.0,6,9553200.0,615000,0.0643763346313277,0,,,2698779.0,76.88,Information gap review,product (1.0052); estimated_cost (0.0984); effective_price_after_grant (0.0956); subtotal_price (0.0860); estimated_gross_profit (0.0668),"product category contributes to unusual pricing pattern (G); estimated_cost is unusually high (6,854,421.0000, above P90); effective_price_after_grant is unusually high (8,938,200.0000, above P90); subtotal price is unusually high (9,553,200, above P90); estimated gross profit is unusually high (2,698,779, above P90).",1,28.25,6.44
Q-25054,G1,0.4271999999999999,2806000.0,1,2806000.0,960000,0.3421240199572345,1,2000000.0,40.3,1198723.2,76.87,Conversion risk review,product (0.8740); is_compe_c (0.0976); avg_competitor_price (0.0807); kw (0.0690); unit_price (0.0624),"product category contributes to unusual pricing pattern (G1); is_compe_c contributes to anomaly; avg_competitor_price is unusually high (2,000,000.0000, above P90); kw contributes to anomaly; unit price is unusually high (2,806,000, above P90).",1,42.72,34.21
Q-10220,S,-0.0733,1012278.0,1,1012278.0,528000,0.521595846200352,1,1880000.0,-46.16,-74199.97739999997,75.28,Profitability risk review,product (0.9822); gross_margin_rate (0.0703); price_gap_avg_competitor (0.0674); price_gap_min_competitor (0.0588); avg_competitor_price (0.0566),"product category contributes to unusual pricing pattern (S); GMR is negative (-7.3%); price_gap_avg_competitor contributes to anomaly; price_gap_min_competitor contributes to anomaly; avg_competitor_price is unusually high (1,880,000.0000, above P90).",1,-7.33,52.16
Q-34127,Z,0.2825,1912200.0,4,7648800.0,720000,0.094132412927518,0,,,2160786.0,74.84,Information gap review,product (0.9578); estimated_cost (0.0945); subtotal_price (0.0802); effective_price_after_grant (0.0764); qty (0.0585),"product category contributes to unusual pricing pattern (Z); estimated_cost is unusually high (5,488,014.0000, above P90); subtotal price is unusually high (7,648,800, above P90); effective_price_after_grant is unusually high (6,928,800.0000, above P90); qty is unusually high (4.0000, above P90).",1,28.25,9.41
Q-37149,F1,0.2539,2172700.0,1,2172700.0,960000,0.4418465503751093,1,2000000.0,8.64,551648.53,74.37,Unusual pricing pattern review,product (0.9435); is_compe_c (0.1132); avg_competitor_price (0.0794); kw (0.0653); unit_price (0.0578),"product category contributes to unusual pricing pattern (F1); is_compe_c contributes to anomaly; avg_competitor_price is unusually high (2,000,000.0000, above P90); kw contributes to anomaly; unit price is unusually high (2,172,700, above P90).",1,25.39,44.18
Q-30876,Y,0.259,1861240.0,4,7444960.0,720000,0.0967097204014528,0,,,1928244.64,74.35,Information gap review,product (0.8729); estimated_cost (0.0996); subtotal_price (0.0807); effective_price_after_grant (0.0722); qty (0.0580),"product category contributes to unusual pricing pattern (Y); estimated_cost is unusually high (5,516,715.3600, above P90); subtotal price is unusually high (7,444,960, above P90); effective_price_after_grant is unusually high (6,724,960.0000, above P90); qty is unusually high (4.0000, above P90).",0,25.9,9.67
Q-02428,S,0.4135,1141900.0,1,1141900.0,528000,0.4623872493213066,1,1880000.0,-39.26,472175.65,72.96,Unusual pricing pattern review,product (0.9576); price_gap_avg_competitor (0.0688); avg_competitor_price (0.0566); price_gap_min_competitor (0.0565); competitor_a (0.0548),"product category contributes to unusual pricing pattern (S); price_gap_avg_competitor contributes to anomaly; avg_competitor_price is unusually high (1,880,000.0000, above P90); price_gap_min_competitor contributes to anomaly; competitor_a contributes to anomaly.",1,41.35,46.24
Q-21516,T,0.1869,1431270.0,1,1431270.0,528000,0.3689031419648284,1,1880000.0,-23.87,267504.3630000001,72.91,Unusual pricing pattern review,product (1.1072); price_order (0.0598); avg_competitor_price (0.0564); price_gap_avg_competitor (0.0499); competitor_a (0.0481),"product category contributes to unusual pricing pattern (T); price_order contributes to anomaly; avg_competitor_price is unusually high (1,880,000.0000, above P90); price_gap_avg_competitor contributes to anomaly; competitor_a contributes to anomaly.",1,18.69,36.89
Q-45088,S,0.5995,2565000.0,1,2565000.0,528000,0.2058479532163742,1,1880000.0,36.44,1537717.5,72.82,High conversion risk review,product (0.6972); avg_competitor_price (0.0575); competitor_a (0.0550); price_gap_min_competitor (0.0527); unit_price (0.0439),"product category contributes to unusual pricing pattern (S); avg_competitor_price is unusually high (1,880,000.0000, above P90); competitor_a contributes to anomaly; price_gap_min_competitor contributes to anomaly; unit price is unusually high (2,565,000, above P90).",0,59.95,20.58
Q-18376,S,0.5995,2565000.0,1,2565000.0,528000,0.2058479532163742,1,1880000.0,36.44,1537717.5,72.82,High conversion risk review,product (0.6972); avg_competitor_price (0.0575); competitor_a (0.0550); price_gap_min_competitor (0.0527); unit_price (0.0439),"product category contributes to unusual pricing pattern (S); avg_competitor_price is unusually high (1,880,000.0000, above P90); competitor_a contributes to anomaly; price_gap_min_competitor contributes to anomaly; unit price is unusually high (2,565,000, above P90).",0,59.95,20.58
Q-29938,S,0.6,2565000.0,1,2565000.0,528000,0.2058479532163742,1,1880000.0,36.44,1539000.0,72.78,High conversion risk review,product (0.6972); avg_competitor_price (0.0575); competitor_a (0.0550); price_gap_min_competitor (0.0527); unit_price (0.0435),"product category contributes to unusual pricing pattern (S); avg_competitor_price is unusually high (1,880,000.0000, above P90); competitor_a contributes to anomaly; price_gap_min_competitor contributes to anomaly; unit price is unusually high (2,565,000, above P90).",0,60.0,20.58
Q-29940,S,0.6,2565000.0,1,2565000.0,528000,0.2058479532163742,1,1880000.0,36.44,1539000.0,72.78,High conversion risk review,product (0.6972); avg_competitor_price (0.0575); competitor_a (0.0550); price_gap_min_competitor (0.0527); unit_price (0.0435),"product category contributes to unusual pricing pattern (S); avg_competitor_price is unusually high (1,880,000.0000, above P90); competitor_a contributes to anomaly; price_gap_min_competitor contributes to anomaly; unit price is unusually high (2,565,000, above P90).",0,60.0,20.58
Q-20212,S,0.6,2565000.0,1,2565000.0,528000,0.2058479532163742,1,1880000.0,36.44,1539000.0,72.78,High conversion risk review,product (0.6972); avg_competitor_price (0.0575); competitor_a (0.0550); price_gap_min_competitor (0.0527); unit_price (0.0435),"product category contributes to unusual pricing pattern (S); avg_competitor_price is unusually high (1,880,000.0000, above P90); competitor_a contributes to anomaly; price_gap_min_competitor contributes to anomaly; unit price is unusually high (2,565,000, above P90).",0,60.0,20.58
Q-39904,S,0.6,2565000.0,1,2565000.0,528000,0.2058479532163742,1,1880000.0,36.44,1539000.0,72.78,High conversion risk review,product (0.6972); avg_competitor_price (0.0575); competitor_a (0.0550); price_gap_min_competitor (0.0527); unit_price (0.0435),"product category contributes to unusual pricing pattern (S); avg_competitor_price is unusually high (1,880,000.0000, above P90); competitor_a contributes to anomaly; price_gap_min_competitor contributes to anomaly; unit price is unusually high (2,565,000, above P90).",0,60.0,20.58
Q-36313,S,0.6,2565000.0,1,2565000.0,528000,0.2058479532163742,1,1880000.0,36.44,1539000.0,72.78,High conversion risk review,product (0.6972); avg_competitor_price (0.0575); competitor_a (0.0550); price_gap_min_competitor (0.0527); unit_price (0.0435),"product category contributes to unusual pricing pattern (S); avg_competitor_price is unusually high (1,880,000.0000, above P90); competitor_a contributes to anomaly; price_gap_min_competitor contributes to anomaly; unit price is unusually high (2,565,000, above P90).",0,60.0,20.58
Q-20199,S,0.6,2565000.0,1,2565000.0,528000,0.2058479532163742,1,1880000.0,36.44,1539000.0,72.78,High conversion risk review,product (0.6972); avg_competitor_price (0.0575); competitor_a (0.0550); price_gap_min_competitor (0.0527); unit_price (0.0435),"product category contributes to unusual pricing pattern (S); avg_competitor_price is unusually high (1,880,000.0000, above P90); competitor_a contributes to anomaly; price_gap_min_competitor contributes to anomaly; unit price is unusually high (2,565,000, above P90).",0,60.0,20.58
Q-29936,S,0.6,2565000.0,1,2565000.0,528000,0.2058479532163742,1,1880000.0,36.44,1539000.0,72.78,High conversion risk review,product (0.6972); avg_competitor_price (0.0575); competitor_a (0.0550); price_gap_min_competitor (0.0527); unit_price (0.0435),"product category contributes to unusual pricing pattern (S); avg_competitor_price is unusually high (1,880,000.0000, above P90); competitor_a contributes to anomaly; price_gap_min_competitor contributes to anomaly; unit price is unusually high (2,565,000, above P90).",0,60.0,20.58
Q-45479,S,0.6006,2565000.0,1,2565000.0,528000,0.2058479532163742,1,1880000.0,36.44,1540539.0,72.58,High conversion risk review,product (0.7022); avg_competitor_price (0.0575); competitor_a (0.0550); price_gap_min_competitor (0.0527); unit_price (0.0435),"product category contributes to unusual pricing pattern (S); avg_competitor_price is unusually high (1,880,000.0000, above P90); competitor_a contributes to anomaly; price_gap_min_competitor contributes to anomaly; unit price is unusually high (2,565,000, above P90).",0,60.06,20.58
Q-44609,S,0.6006,2565000.0,1,2565000.0,528000,0.2058479532163742,1,1880000.0,36.44,1540539.0,72.58,High conversion risk review,product (0.7022); avg_competitor_price (0.0575); competitor_a (0.0550); price_gap_min_competitor (0.0527); unit_price (0.0435),"product category contributes to unusual pricing pattern (S); avg_competitor_price is unusually high (1,880,000.0000, above P90); competitor_a contributes to anomaly; price_gap_min_competitor contributes to anomaly; unit price is unusually high (2,565,000, above P90).",0,60.06,20.58
Q-42412,S,0.6006,2565000.0,1,2565000.0,528000,0.2058479532163742,1,1880000.0,36.44,1540539.0,72.58,High conversion risk review,product (0.7022); avg_competitor_price (0.0575); competitor_a (0.0550); price_gap_min_competitor (0.0527); unit_price (0.0435),"product category contributes to unusual pricing pattern (S); avg_competitor_price is unusually high (1,880,000.0000, above P90); competitor_a contributes to anomaly; price_gap_min_competitor contributes to anomaly; unit price is unusually high (2,565,000, above P90).",0,60.06,20.58
Q-32007,U,0.2829,1472681.0,1,1472681.0,528000,0.3585297834357882,1,1880000.0,-21.67,416621.4549,72.36,Unusual pricing pattern review,product (1.0828); competitor_a (0.0530); avg_competitor_price (0.0493); price_gap_avg_competitor (0.0483); max_competitor_price (0.0476),"product category contributes to unusual pricing pattern (U); competitor_a contributes to anomaly; avg_competitor_price is unusually high (1,880,000.0000, above P90); price_gap_avg_competitor contributes to anomaly; max_competitor_price contributes to anomaly.",1,28.29,35.85
